Model,CV_MacroF1,Test_BalancedAccuracy,Test_MacroF1,Test_WeightedF1,Test_MCC,Test_LogLoss,Test_Top3
CatBoost,0.774748460651977,0.8965986394557823,0.8948364734021463,0.8217378965026176,0.7794650617619715,0.4537131712057777,0.9811320754716981
HistGradientBoosting,0.7841575287422926,0.8965986394557823,0.8937728937728938,0.8211578777616514,0.7798326509456387,0.5334751097101409,0.9811320754716981
ExtraTrees,0.7964451294815926,0.8965986394557823,0.8937728937728938,0.8211578777616514,0.7798326509456387,4.876942075998589,0.8679245283018868
XGBoost,0.7350866993010456,0.8846938775510205,0.8834419381787803,0.8056118283129207,0.7537492012459102,0.7883879542350769,0.9811320754716981
KNN,0.7813346477742826,0.8846938775510205,0.8834419381787803,0.8056118283129207,0.7537492012459102,5.523786218569362,0.8490566037735849
RandomForest,0.7219572034940407,0.8846938775510205,0.7991355199593186,0.8166481969210695,0.7570642335681045,0.4842467875403498,0.9622641509433962
SVM_RBF,0.7793403625863629,0.748639455782313,0.7438848475468193,0.802684982658408,0.7532819047789258,0.48592120382421317,0.9716981132075472
MLP,0.3582233954446208,0.5383279627640529,0.5422850521079965,0.7250077669320389,0.670235944895252,0.7607193656685497,0.9339622641509434
LogisticRegression,0.6377243210343907,0.6354010025062656,0.5247212719079727,0.6882253087677013,0.5847620580573041,1.2633414454594858,0.9150943396226415
